Serial No,Song Name,Artist Name,Camelot,BPM,Duration,Popularity,energy,Danceability,Happiness,Accousticness,Instrumentalness,Liveness,Speechiness,Loudness,Category,Language
1,Deep Sleep - 528 Hz,Velodrome,3B,70,2:39,54,2,23,4,99,91,10,5,-30,Instrumental,
2,Solfeggio 528 Hz for clarity,Theta Aum,8B,140,2:32,52,3,15,9,99,77,12,5,-32,Instrumental,
3,528 Hz Ancient Wisdom,Infinite Imagination,8B,65,2:12,52,3,13,2,61,67,10,6,-33,Instrumental,
4,528 Hz Cosmic Force,Sky Anthus,7A,78,3:19,52,0,12,4,81,92,10,5,-44,Instrumental,
5,528 Hz Cosmic Force,Sky Anthus,7A,78,3:19,52,0,12,4,81,92,10,5,-44,Instrumental,
6,528 Hz - Why The Rush,Dora Waller,8B,69,2:18,53,0,6,3,99,96,11,5,-33,Instrumental,
7,528 Hz Well Being,Rigby Jay,5A,69,3:02,53,3,16,4,93,84,10,4,-34,Instrumental,
8,Blidt 528 Hz,Alba Lie,8B,74,2:46,48,2,10,13,97,91,15,5,-36,Instrumental,
9,Elixir Tones 528 Hz,Baroque Modernist,5B,119,2:39,51,3,19,16,99,98,10,5,-34,Instrumental,
10,Soma 528 Hz,Lars Peters,3B,72,2:30,48,0,17,4,86,93,11,5,-38,Instrumental,
11,Coastline,Drew Morrison,2B,135,2:51,52,0,15,4,96,95,12,6,-40,Instrumental,
12,Serenade of the Deep 528Hz,myndstream,8B,71,2:40,52,3,6,4,89,53,10,4,-30,Instrumental,
13,528 Hz Drifting Away,Holistic Harmony,8B,75,2:38,52,1,14,2,94,83,10,5,-36,Instrumental,
14,horizon haze 528 Hz,floating echoes,7B,76,3:45,51,0,13,3,96,93,9,4,-41,Instrumental,
15,528 Hz Balance,Seven Minutes From Sleep,8B,84,2:44,50,0,20,3,81,83,10,6,-38,Instrumental,
16,528 Hz Inherent Influence,Elysian Path,7B,80,2:55,17,0,13,5,99,85,9,4,-43,Instrumental,
17,Calm Contemplations 528 Hz,Elnas,8B,78,3:29,43,0,7,3,76,70,11,6,-36,Instrumental,
18,528 Hz Unwind,Akriva,8B,76,2:33,50,2,7,3,77,86,8,6,-35,Instrumental,
19,Andromeda - 528hz,Kenton,9B,140,4:07,50,4,14,12,82,50,11,5,-31,Instrumental,
20,528 Hz Perpetuity,Brett McLaughlin,3A,71,2:26,39,4,7,3,96,93,9,3,-30,Instrumental,
21,Morphology of 528 Hz,Elias MÃ­a,6B,82,2:40,50,4,8,8,99,91,12,5,-31,Instrumental,
22,528 Hz Calming Waves,Seraphic Binaural Wisdom,4B,73,2:31,49,9,19,4,99,87,11,4,-28,Instrumental,
23,528 Hz - Love Frequencies,Aegean Noise,4B,90,2:43,46,2,17,4,99,100,11,5,-31,Instrumental,
24,Tranquility 528 Hz,Gual Levine,3B,81,2:46,49,0,19,3,90,93,11,5,-36,Instrumental,
25,Gleann 528 Hz,Peaceful Village,8B,75,2:29,46,3,20,4,99,79,7,5,-32,Instrumental,
26,528 Hz Emotional Moment,Solfeggio Dreams,3B,69,2:55,46,6,13,2,73,80,11,5,-26,Instrumental,
27,Quiet Movement,Ashtanga,8B,63,2:38,46,1,20,3,83,98,11,5,-35,Instrumental,
28,unwinding mind 528 Hz,nite sky,8B,135,3:12,52,1,15,3,87,80,10,5,-38,Instrumental,
29,528 Hz Balance,Tottori,8B,170,3:07,49,2,8,3,92,80,10,5,-34,Instrumental,
30,528 Hz Transformation,Divijata Ash,8B,75,3:45,46,4,12,3,81,68,12,5,-30,Instrumental,
31,Healing Mind 528 Hz,The Only Star In The Sky,8B,70,2:47,50,5,6,3,94,94,12,6,-28,Instrumental,
32,Beyond Time,D/S/T/N/C/E,3B,141,2:45,49,3,14,8,93,94,9,4,-32,Instrumental,
33,Nu Och DÃ¥,Mira Appelquist,11B,60,2:25,48,8,13,4,91,87,9,4,-28,Instrumental,
34,Imagine 528 Hz,Sapphire Frequencies,8B,77,2:50,49,1,7,3,87,88,11,6,-36,Instrumental,
35,528Hz Wide Open Fields,Campane,8B,170,2:59,49,5,8,3,89,96,11,5,-25,Instrumental,
36,528 Hz Concentration,Nova Hz,5A,66,3:29,45,1,13,3,88,82,11,6,-34,Instrumental,
37,Solar Plexus 528 Hz,Stardust Waves,8B,77,3:00,59,2,7,3,87,64,11,5,-31,Instrumental,
38,Soothing 528 Hz,Gilbert Frost,3B,123,2:30,46,6,17,3,90,79,11,5,-24,Instrumental,
39,Evinda 528Hz,Sienna Salvatore,8B,75,2:41,53,0,15,3,99,92,8,5,-38,Instrumental,
40,Resonating Revival at 528 Hz,Howard Lieberman,7B,70,2:49,49,19,34,10,96,90,13,8,-18,Instrumental,
41,528 Hz - Soothe,Mateo Stewart,8B,133,2:34,49,1,16,4,79,96,13,6,-36,Instrumental,
42,528 Hz Cascading Synchronicity,Pan Galactic Vibration,3B,140,2:16,45,4,14,5,97,98,11,4,-30,Instrumental,
43,Celestial,DÃ©s Vu,11B,68,3:12,45,2,19,4,84,96,11,4,-33,Instrumental,
44,528hz Love Therapy,Solfeggio Sound Empire,8B,139,4:00,48,1,14,3,99,92,6,5,-38,Instrumental,
45,Imrindan 528Hz,Music of Achelous,3B,141,2:29,49,2,14,7,94,93,12,4,-40,Instrumental,
46,Formas,Castillo Indigo,8B,72,3:23,44,1,16,4,99,95,10,4,-39,Instrumental,
47,528 Hz Self Care,Magnapinna,8B,72,3:04,49,2,15,4,96,75,11,5,-32,Instrumental,
48,Solfeggio Journey 528 Hz,David Elo,8B,68,2:55,45,11,14,4,95,89,10,4,-20,Instrumental,
49,528 Hz Astral Atmosphere,Whispering Zephyr,8B,67,2:58,55,3,6,3,83,80,11,6,-31,Instrumental,
50,Renewal 285 Hz,Cirrostratus,10B,139,2:42,48,1,14,3,84,89,11,5,-34,Instrumental,
51,Rock a Bye Baby Lullaby - Calming Sounds of Ocean Waves Version,Sleepyheadz,9B,139,3:00,31,4,29,17,98,86,21,4,-28,Instrumental,
52,You Are My Sunshine - Soothing Sounds of Nature Version,Sleepyheadz,7B,108,3:02,24,4,32,10,91,0,26,4,-25,Instrumental,
53,"Hush, Little Baby - Soothing Sounds of Nature Version",Sleepyheadz,7B,78,2:44,18,3,32,6,99,29,28,4,-28,Instrumental,
54,Twinkle Twinkle Little Star - Calming Sounds of Ocean Waves Version,Sleepyheadz,8B,172,2:41,30,1,18,17,98,96,7,4,-28,Instrumental,
55,Lavender's Blue - Calming Sounds of Ocean Waves Version,Sleepyheadz,3B,79,2:55,25,2,17,17,98,94,36,5,-28,Instrumental,
56,Greensleeves - Calming Sounds of Ocean Waves Version,Sleepyheadz,9A,74,2:53,26,2,30,15,99,93,10,4,-28,Instrumental,
57,Moon River - Relaxing Sounds of the Rainforest Version,Sleepyheadz,8B,102,3:22,17,2,22,6,98,93,11,4,-28,Instrumental,
58,When You Wish Upon a Star - Soothing Sounds of Nature Version,Sleepyheadz,8B,71,2:28,16,1,29,4,97,63,11,4,-30,Instrumental,
59,Mary Had A Little Lamb - Calming Sounds of Ocean Waves Version,Sleepyheadz,7B,88,2:51,26,4,22,6,97,95,38,3,-28,Instrumental,
60,Raindrops Keep Falling on My Head - Relaxing Sounds of the Rainforest Version,Sleepyheadz,7B,86,3:05,32,2,35,11,99,94,9,4,-29,Instrumental,
61,Are You Sleeping? (FrÃ¨re Jacques) - Relaxing Sounds of the Rainforest Version,Sleepyheadz,7B,169,3:01,15,4,15,6,92,88,11,3,-32,Instrumental,
62,London Bridge is Falling Down - Calming Sounds of Ocean Waves Version,Sleepyheadz,8B,46,3:01,25,3,32,8,96,87,10,4,-27,Instrumental,
63,Danny Boy - Relaxing Sounds of the Rainforest Version,Sleepyheadz,10B,98,3:36,15,2,23,16,99,93,11,4,-29,Instrumental,
64,Here We Go Round the Mulberry Bush - Calming Sounds of Ocean Waves Version,Sleepyheadz,9B,142,2:47,25,2,28,21,99,92,38,4,-28,Instrumental,
65,I Can Sing a Rainbow - Calming Sounds of Ocean Waves Version,Sleepyheadz,8B,70,2:51,17,2,15,14,98,95,10,4,-29,Instrumental,
66,Skip to My Lou - Calming Sounds of Ocean Waves Version,Sleepyheadz,7B,105,2:59,20,5,27,6,99,97,37,4,-26,Instrumental,
67,This Old Man - Relaxing Sounds of the Rainforest Version,Sleepyheadz,8B,112,2:47,24,3,31,9,98,61,12,4,-26,Instrumental,
68,Oranges and Lemons - Calming Sounds of Ocean Waves Version,Sleepyheadz,6B,81,3:01,16,5,14,10,97,94,80,4,-27,Instrumental,
69,This Old Man - Calming Sounds of Ocean Waves Version,Sleepyheadz,8B,116,2:47,25,3,33,16,99,96,18,4,-25,Instrumental,
70,Three Blind Mice - Relaxing Sounds of the Rainforest Version,Sleepyheadz,8B,48,2:41,13,5,31,5,95,85,12,4,-26,Instrumental,
71,Hickory Dickory Dock - Calming Sounds of Ocean Waves Version,Sleepyheadz,10B,49,2:41,13,6,45,20,98,90,17,5,-27,Instrumental,
72,I See The Moon - Calming Sounds of Ocean Waves Version,Sleepyheadz,10B,80,2:39,35,2,13,14,98,96,10,4,-28,Instrumental,
73,Five Little Ducks - Calming Sounds of Ocean Waves Version,Sleepyheadz,9B,138,3:05,25,3,27,17,98,93,36,4,-27,Instrumental,
74,Hot Cross Buns - Calming Sounds of Ocean Waves Version,Sleepyheadz,9B,137,2:49,25,5,30,13,99,92,13,4,-28,Instrumental,
75,Are You Sleeping? (FrÃ¨re Jacques) - Calming Sounds of Ocean Waves Version,Sleepyheadz,7B,59,3:01,26,4,23,7,95,91,24,4,-31,Instrumental,
76,Somewhere Over the Rainbow - Calming Sounds of Ocean Waves Version,Sleepyheadz,8B,118,2:59,40,2,25,8,99,95,24,4,-28,Instrumental,
77,Twinkle Twinkle Little Star - Relaxing Sounds of the Rainforest Version,Sleepyheadz,8B,115,2:41,20,2,26,8,95,83,8,4,-28,Instrumental,
78,I'm a Little Teapot - Relaxing Sounds of the Rainforest Version,Sleepyheadz,10B,72,2:49,13,2,31,16,98,81,12,4,-28,Instrumental,
79,Moon River - Calming Sounds of Ocean Waves Version,Sleepyheadz,8B,100,3:22,33,1,25,8,99,91,12,4,-27,Instrumental,
80,Little Bo Peep - Soothing Sounds of Nature Version,Sleepyheadz,7B,116,2:49,12,3,32,22,98,54,9,4,-28,Instrumental,
81,"Rain, Rain Go Away Lullaby - Calming Sounds of Ocean Waves Version",Sleepyheadz,6B,51,2:48,25,4,29,12,97,94,40,3,-31,Instrumental,
82,"Hush, Little Baby - Calming Sounds of Ocean Waves Version",Sleepyheadz,7B,79,2:44,26,3,29,10,99,95,38,4,-28,Instrumental,
83,London Bridge is Falling Down - Relaxing Sounds of the Rainforest Version,Sleepyheadz,8B,94,3:01,12,4,20,8,92,66,10,4,-28,Instrumental,
84,I'm a Little Teapot - Soothing Sounds of Nature Version,Sleepyheadz,10B,71,2:49,19,2,21,14,98,48,32,4,-28,Instrumental,
85,Pat-a-Cake Lullaby - Calming Sounds of Ocean Waves Version,Sleepyheadz,5B,97,2:51,25,2,28,16,98,95,11,4,-28,Instrumental,
86,I'm a Little Teapot - Calming Sounds of Ocean Waves Version,Sleepyheadz,10B,143,2:49,11,2,22,18,99,93,41,4,-28,Instrumental,
87,Raindrops Keep Falling on My Head - Calming Sounds of Ocean Waves Version,Sleepyheadz,7B,84,3:05,9,2,27,15,99,91,36,4,-28,Instrumental,
88,Moon River - Soothing Sounds of Nature Version,Sleepyheadz,8B,81,3:22,11,2,25,7,98,64,12,4,-28,Instrumental,
89,Greensleeves - Soothing Sounds of Nature Version,Sleepyheadz,9A,112,2:53,11,2,29,13,99,70,18,5,-28,Instrumental,
90,When You Wish Upon a Star - Relaxing Sounds of the Rainforest Version,Sleepyheadz,8B,96,3:01,20,1,24,5,98,71,38,4,-31,Instrumental,
91,Gentle Breeze,Seth Sands,1B,72,2:06,67,1,10,5,99,63,13,5,-39,Instrumental,
92,Stellato,Volta Celeste,10B,138,2:26,68,0,14,4,89,96,11,4,-39,Instrumental,
93,Contemplation,Luna Ombro,9B,69,2:53,66,0,6,15,95,97,10,4,-38,Instrumental,
94,Veille-sommeil,Aunne,9B,70,2:31,67,2,14,4,95,95,12,4,-38,Instrumental,
95,Silver Shadow,Hirenth,2B,138,2:42,69,0,14,3,96,97,11,5,-44,Instrumental,
96,Solitaire,The Endity,3B,139,2:26,67,0,14,4,95,97,11,7,-43,Instrumental,
97,Torpor,Volta Celeste,12B,139,2:15,67,0,14,8,87,97,11,5,-39,Instrumental,
98,Strands,Devon Fall,8B,137,2:53,67,0,14,3,94,97,12,5,-40,Instrumental,
99,Libra,Martin Landh,2B,73,2:47,68,0,13,7,85,97,11,5,-36,Instrumental,
100,celestial warmth,spaceboy,6B,136,2:59,71,0,15,4,96,91,11,4,-37,Instrumental,
101,Auburn Dreams,Placidous,1B,139,2:47,66,1,14,7,96,97,10,5,-43,Instrumental,
102,Sailing,So Lis,3B,71,2:52,71,0,17,4,96,92,12,5,-41,Instrumental,
103,Misty Daydreams,Fabuluxe,2B,69,2:18,67,1,20,5,98,96,10,4,-42,Instrumental,
104,Cometus,Noah Moon,10B,139,2:30,68,1,15,4,96,90,12,4,-35,Instrumental,
105,Solace in Slow Motion,Astron,8B,129,2:33,66,1,16,13,93,86,13,5,-40,Instrumental,
106,Aftermath,ZenithEcho,7B,138,2:35,64,0,15,4,99,97,12,5,-41,Instrumental,
107,Velvet Silence,Athyer Cane,6B,138,2:44,46,0,14,6,98,96,11,6,-43,Instrumental,
108,Weightless,Calmly,2B,145,2:09,72,0,13,4,99,72,14,5,-42,Instrumental,
109,Inflorescence,Flouriiche,11B,70,2:30,64,1,12,4,99,89,11,6,-35,Instrumental,
110,Aria of Dreams,Shimmerweave,10B,136,3:12,62,0,15,13,94,97,13,6,-40,Instrumental,
111,Pangaea,Cristoforo Giordano,7B,69,3:06,52,1,8,4,98,79,9,4,-39,Instrumental,
112,Sea Whispers,Aquatic Dreamer,10B,139,2:43,68,0,18,3,91,96,11,5,-39,Instrumental,
113,All the stars,Arya Shae,3B,71,3:07,66,0,6,4,96,97,10,5,-38,Instrumental,
114,Finding Balance,Calmative,8B,142,2:43,65,2,14,4,92,95,11,4,-39,Instrumental,
115,Moonbeams,Meloleon,4B,137,3:25,63,0,14,31,93,97,11,5,-43,Instrumental,
116,Moonlight Reverie,Sean Altar,10B,73,2:54,65,0,7,4,79,93,12,6,-34,Instrumental,
117,Primordial,Everlasting Theta,12B,73,2:47,70,1,17,4,99,62,10,5,-36,Instrumental,
118,Dark Lines,Draumur,9B,69,2:50,66,0,6,5,93,97,9,4,-39,Instrumental,
119,When Dreams Come True,Aster alpinus,8B,133,2:32,65,1,16,4,90,95,11,5,-38,Instrumental,
120,Juniper,Bayesian,7B,135,2:34,66,0,17,3,99,91,10,4,-38,Instrumental,
121,Shaded View,Ava Serenade,3B,79,3:03,66,0,14,3,85,96,12,6,-39,Instrumental,
122,Serendipity,R Skye,7B,142,3:18,65,0,13,6,96,97,10,5,-41,Instrumental,
123,Gravityâ€™s Lullaby,Kai Monroe,5B,134,2:10,63,1,16,16,99,60,11,4,-36,Instrumental,
124,Across the Ages,Arctic Comfort,8A,88,3:01,29,17,23,23,98,66,16,5,-16,Instrumental,
125,In Tune with You,Spiritloom,8B,86,3:18,7,9,37,7,97,88,15,3,-27,Instrumental,
126,Soothe My Soul,Eon Wilder,8B,141,4:22,2,2,14,4,87,87,11,5,-33,Instrumental,
127,Shades of Blue,Orinova,1B,58,2:47,0,3,39,4,87,67,11,3,-32,Vocal(English),
128,Rainy Peace,Lumenis,4B,70,1:34,5,0,14,4,89,98,9,4,-44,Instrumental,
129,Easy Feeling,Deep Sleep,4A,144,3:15,6,27,55,21,96,23,9,4,-15,Vocal(English),
130,Hush Lullaby,Lumenis,8B,79,2:59,3,25,21,3,82,90,8,4,-20,Vocal(English),
131,Lucid Dreaming,Aurelia Mist,8A,143,2:36,1,7,17,3,95,87,5,4,-32,Instrumental,
132,Fire,Autumn's Descent,8B,76,2:48,0,20,7,4,77,90,17,5,-22,Vocal(Hindi),
133,The Four Elements,Rain Sounds,8B,78,2:04,0,7,17,4,94,97,9,4,-26,Instrumental,
134,Swimming,Autumn's Descent,4B ,72,2:40,0,23,17,3,93,91,3,5,-19,Instrumental,
135,Living in the Present,Celestial Cascade,3B,83,2:15,0,16,21,14,92,92,12,4,-27,Instrumental,
136,Reiki,Arctic Comfort,3B,65,2:18,5,14,19,17,79,97,10,4,-26,Instrumental,
137,Crystal Gaze,Eon Wilder,8B,77,4:24,4,12,15,3,94,95,11,6,-27,Instrumental,
138,Beach-Side Tranquility,Deep Focus,8A,129,2:51,1,1,17,4,100,98,8,5,-33,Instrumental,
139,Infinite Depth,MÃºsica para Dormir Con Relajantes Sonidos de la Naturaleza,4B,87,2:59,4,3,22,4,95,46,13,4,-31,Vocal(English),
140,Focused,Celestial Cascade,5B ,84,2:15,2,13,13,18,91,98,9,4,-30,Instrumental,
141,Ocean Breezes,Aurelia Mist,9B,91,2:26,0,6,18,4,94,98,9,4,-29,Instrumental,
142,Cosmic Waters,Arctic Comfort,9B,3:21,15,9,20,31,100,94,32,34,4,-20,Vocal(English),
143,The Keys Sounded Softly,Woodland Friends,8B,75,4:24,5,10,11,5,98,88,11,5,-22,Instrumental,
144,Wander by the Shore,Oceara,10A,68,2:42,5,4,21,9,99,0,9,6,-29,Instrumental,
145,Alpha Waves,Celestial Cascade,12A,72,1:13,3,2,24,4,100,99,7,4,-34,Instrumental,
146,Sleep Meditation,Derrol,12B,135,1:46,27,1,16,4,96,81,10,4,-34,Instrumental,
147,Mindfulness Meditation,Derrol,12B,138,2:21,26,1,15,3,95,87,10,5,-32,Instrumental,
148,Deep Sleep (Meditation),Derrol,11B,79,2:30,27,3,8,3,91,84,11,4,-32,Instrumental,
149,Loving Kindness Meditation,Derrol,8B,136,2:15,26,3,15,4,94,87,10,4,-30,Instrumental,
150,Meditation For Anxiety,Derrol,12B,133,1:37,23,1,19,4,95,92,12,4,-31,Instrumental,
151,Tiny Dancer - Piano Lullaby Version,Sleepyheadz,8B,206,5:05,64,1,54,11,98,95,11,4,-33,Instrumental,
152,Baby Love - Lullaby Love Songs for You and Your Baby,Sleepyheadz,5B,66,4:59,60,1,22,9,99,96,17,4,-37,Instrumental,
153,Stay with Me - Piano Lullaby Version,Sleepyheadz,7B,145,3:01,35,1,26,5,99,94,11,4,-35,Instrumental,
154,Skinny Love - Piano Lullaby Version,Sleepyheadz,12B,134,3:48,56,2,49,13,97,97,12,4,-33,Instrumental,
155,Baby Can I Hold You - Piano Lullaby Version,Sleepyheadz,10B,136,3:31,57,1,45,7,99,92,6,4,-36,Instrumental,
156,Fix You - Piano Lullaby Version,Sleepyheadz,5B,60,4:05,60,0,50,11,99,93,9,4,-32,Instrumental,
157,"Can You Feel the Love Tonight (From ""The Lion King"") - Piano Lullaby Version",Sleepyheadz,6B,109,4:11,46,2,28,18,99,93,10,4,-28,Instrumental,
158,Make You Feel My Love - Piano Lullaby Version,Sleepyheadz,6B,140,3:54,60,1,32,9,98,93,10,4,-35,Instrumental,
159,Stand by Me - Piano Lullaby Version,Sleepyheadz,8B,142,2:40,56,0,19,7,99,92,9,4,-37,Instrumental,
160,I Want to Know What Love Is - Piano Lullaby Version,Sleepyheadz,2B,72,4:24,31,1,48,9,98,76,10,4,-30,Instrumental,
161,I Will Always Love You - Piano Lullaby Version,Sleepyheadz,11B,76,3:26,57,1,18,18,99,92,8,4,-36,Instrumental,
162,Your Song - Piano Lullaby Version,Sleepyheadz,5B,66,4:59,60,1,22,9,99,96,17,4,-37,Instrumental,
163,Time After Time - Piano Lullaby Version,Sleepyheadz,8B,78,4:22,57,0,39,4,99,94,11,4,-38,Instrumental,
164,My Heart Will Go On - Piano Lullaby Version,Sleepyheadz,12B,100,4:23,32,1,47,11,96,91,12,3,-34,Instrumental,
165,Let's Stay Together - Piano Lullaby Version,Sleepyheadz,7B,95,3:34,30,1,67,15,99,94,8,4,-32,Instrumental,
166,Nothing Compares 2 U - Piano Lullaby Version,Sleepyheadz,7B,119,3:09,34,1,40,21,89,87,10,4,-34,Instrumental,
167,With Or Without You - Piano Lullaby Version,Sleepyheadz,5B,75,4:33,34,1,41,6,99,96,9,4,-35,Instrumental,
168,Thinking Out Loud - Piano Lullaby Version,Sleepyheadz,10B,140,5:18,30,1,59,16,98,95,8,4,-33,Instrumental,
169,I Say a Little Prayer - Piano Lullaby Version,Sleepyheadz,11B,172,3:06,31,1,43,5,99,96,9,4,-35,Instrumental,
170,Say You Won't Let Go - Piano Lullaby Version,Sleepyheadz,6B,77,4:44,31,2,50,11,99,90,11,4,-33,Instrumental,
171,Winter Nights,Calmly,4A,72,2:22,75,0,10,4,97,62,11,4,-42,Instrumental,
172,Nightfall,Calmly,9B,128,2:22,70,0,17,4,98,71,10,5,-41,Instrumental,
173,Soft Slumber,Calmly,6A,69,2:26,72,0,15,4,99,67,11,5,-41,Instrumental,
174,Rut Badle,Tapas Relia,5B,142,6:17,25,72,62,28,56,0,12,14,-10,Vocal(Hindi),
175,Ab Mori Baat - Live,The Anirudh Varma Collective,5B,90,7:12,28,41,32,16,96,27,43,4,-12,Vocal(Hindi),
176,Hamri Atariya,Rita Dev,7A,74,6:47,17,56,28,44,94,0,41,5,-8,Vocal(Hindi),
177,Ekla Chalo Re,Amjad Ali Khan,11A,166,6:12,45,24,60,14,67,77,11,4,-15,Vocal(Bengali),
178,Raag Jhinjhoti,Shujaat Khan,10B,113,3:14,29,83,29,84,84,93,36,3,-7,Vocal(Hindi),
179,Shri Banke Bihari Teri Aarti Gaaun,Maanya Arora,12B,148,4:47,26,41,54,23,58,0,27,3,-9,Vocal(Hindi),
180,Na Ja Balam Pardesawa: Thumri In Raag Bhairavi,Shubha Mudgal,12A,108,5:30,14,54,35,34,39,0,13,4,-11,Vocal(Hindi),
181,Achyutam Keshavam,Anup Jalota,10B ,86,4:53,48,21,59,45,84,0,14,3,-13,Vocal(Sanskrit),
182,Raag Hansaddhwani - Flute,Hariprasad Chaurasia,12B,110,20:35,17,20,42,49,98,86,22,5,-27,Instrumental,
183,Raga Kirwani - Alap Gat - Teental,Iqubal Huein,5A,151,10:14,24,60,45,36,65,50,28,5,-11,Vocal(Sanskrit),
184,Jaagun Main Saari Raina / Maru Bihaag - Live,Prabha Atre,7B,128,10:03,17,72,46,56,86,14,22,7,-7,Vocal(Hindi),
185,Prabhu Kar Sab Dukh Door Hamare,"Bhimsen Joshi, Umakant & Ramakant Gundecha",6B,83,7:39,15,38,39,45,72,0,38,3,-12,Vocal(Hindi),
186,Krishna Pranat Pal Prabhu,Jagjit Singh,5A,177,7:28,17,52,41,53,82,0,4,3,-11,Vocal(Hindi),
187,Tere Mann Mein Ram,Anup Jalota,1A,90,6:12,21,77,61,80,16,0,14,6,-7,Vocal(Hindi),
188,Shiva Shankara,Purbayan Chatterjee,4A,100,10:18,28,83,67,77,55,33,10,9,-7,Vocal(Hindi),
189,Namami Shamishan,Religious India,4B,134,5:34,66,32,83,35,74,0,7,3,-12,Vocal(Sanskrit),
190,Parvati Boli Shankar Se,Hansraj Raghuwanshi,1B,82,7:19,66,54,61,58,39,0,7,6,-9,Vocal(Hindi),
191,Mere Sarkaar,Jaya Kishori,7B,174,3:44,48,68,56,44,58,0,11,13,-6,Vocal(Hindi),
192,Prem Kab Samjhogey,Ishita Vishwakarma,8B,114,4:11,38,26,63,23,85,0,9,3,-15,Vocal(Hindi),
193,O Kanha Ab Toh Murli,Chetna,8B,76,4:06,62,56,45,80,64,0,4,11,-6,Vocal(Hindi),
194,Tum Prem Ho - Reprise,Mohit Lalwani,12B,110,4:49,69,45,70,30,87,0,7,3,-12,Vocal(Hindi),
195,Nanhikali,Anindita Mukherjee,5B,140,4:13,14,14,31,33,99,0,12,3,-10,Vocal(Hindi),
196,Rajasthani Folk Song,Sultan Khan,1B,87,8:01,20,3,45,24,89,0,78,4,-30,Vocal(Rajasthani),
197,Olanjali Kuruvi,P. Jayachandran,7B,120,4:48,47,39,74,52,79,0,14,4,-12,Vocal(Malayalam),
198,Kaliya,Paban Das Baul,5B,107,3:16,6,49,69,73,19,0,14,5,-13,Vocal(Bengali),
199,Shankar: Dhun,Ravi Shankar,11B,144,6:29,23,24,43,52,79,39,35,4,-19,Instrumental,
200,Dhoop,Shreya Ghoshal,12A,132,3:36,40,54,55,25,24,0,21,3,-6,Vocal(Bengali),
201,Aankhe Rati Chanothadi,Asha Bhosle,7B,81,6:00,0,67,64,88,56,0,13,4,-6,Vocal(Rajasthani),
202,Dhyayen Nityam Mahesham,Pandit Jasraj,8B,163,5:09,29,10,25,15,97,0,7,4,-14,Vocal(Sanskrit),
203,Agun Pani,Purna Das Baul,6B,172,4:39,0,59,42,79,84,0,8,5,-12,Vocal(Bengali),
204,Akashjure Shuninu,Pijushkanti Sarkar,2B,107,6:10,0,41,50,62,75,1,9,4,-14,Vocal(Bengali),
205,Neelam,Sandhya Sanjana,9B,123,3:34,0,69,73,81,12,0,32,6,-5,Vocal(Bengali),
206,Gopon Prem (Secret Love),Paban Das Baul,5B,159,5:00,1,35,55,74,52,0,8,12,-14,Vocal(Bengali),
207,Laal Ishq,Arijit Singh,5B,106,6:27,64,67,51,45,3,0,31,3,-6,Vocal(Hindi),
208,Moko Kahan,Vidhya Gopal,4B,141,7:07,11,39,28,24,81,1,15,3,-7,Vocal(Rajasthani),
209,Ae Re Sakhi,Namita Chaudhary,10B,146,3:42,47,30,59,29,91,0,9,5,-11,Vocal(Hindi),
210,Pahadi - The folk songs of Uttarakhand,Nupur Pant,5A,150,4:19,37,42,60,56,81,0,11,4,-13,Vocal(Nepali),
211,Natkhat Nadiya,"Shantanu Moitra, Taba Chake, Maati Baani",10B,160,5:39,26,62,54,43,43,0,11,4,-8,Vocal(Hindi),
212,Ma Rewa,India Ocean,10B,155,6:38,21,68,48,89,49,87,13,7,-9,Vocal(Nepali),
213,Chaudhary,"Mame Khan, Amit Trivedi, Shellee",2B,169,7:01,67,68,46,82,49,0,30,16,-7,Vocal(Rajasthani),
214,Paon Ki Jutti,"Jyoti Nooran, Jaani, Bunny",7B,116,3:29,66,71,73,61,34,0,25,19,-5,Vocal(Rajasthani),
215,Rangi Saari,"Kavita Seth, Kanishk Seth",6B,140,3:34,61,69,61,27,21,6,9,4,-8,Vocal(Hindi),
216,Aje Na Jaa,Simran Chaudhary,7B,146,2:37,54,61,73,51,63,0,6,19,-7,Vocal(Punjabi),
217,Moti Veraana,"Amit Trivedi, Osman Mir",6B,113,4:16,56,78,71,62,27,0,8,8,-7,Vocal(Rajasthani),
218,Kitse,"Nyn Music, Mohito",2B,140,3:26,49,57,71,30,76,0,11,6,-8,Vocal(Rajasthani),
219,Dilshad,"Yewar Abdal, Sifar",2A,140,3:44,63,25,58,32,93,0,20,3,-13,Vocal(Nepali),
220,"Mitho Laage - The Dewarists, Season 5","Dhruv Ghanekar, Mame Khan",11B,96,4:40,49,71,60,63,11,0,10,7,-6,Vocal(Rajasthani),
221,Beriaan,Hari & Sukhmani,10B,142,3:50,35,48,67,60,9,0,8,3,-12,Vocal(Rajasthani),
222,Suwa Teri Yaadon Ma,Jubin Nautiyal,6B,138,2:45,36,37,73,58,68,0,17,4,-12,Vocal(Nepali),
223,Saawariyo,"Atmanam, Aditya Gadhvi",11B,90,4:25,32,68,40,14,2,0,17,4,-7,Vocal(Rajasthani),
224,Saadho,Aabhas-Shreyas,9B,80,5:09,20,30,45,71,95,0,11,5,-8,Vocal(Rajasthani),
225,Sajaniya,Mame Khan,10B,80,5:31,23,38,50,24,67,0,28,3,-12,Vocal(Rajasthani),
226,Nundbane,Aabha Hanjura,7B,94,4:11,13,55,69,79,13,0,10,3,-11,Vocal(Nepali),
227,Chhap Tilak,"Amrita Kak, Amaan Ali Bangash, Ayaan Ali Bangash",9B,85,4:31,26,49,55,29,52,0,10,4,-11,Vocal(Urdu),
228,Kon Halave Limdi - Reprise,"Dhaval Kothari, Sarthak Kalyani",9B,120,3:58,22,32,59,26,77,0,7,3,-15,Vocal(Rajasthani),
229,Chidiya Da Chamba,"Salim–Sulaiman, Sukhwinder Singh",11B,110,4:53,24,52,55,10,35,0,37,3,-7,Vocal(Punjabi),
230,Saawariya,Nyasa,10B,94,4:51,21,87,50,46,20,0,8,6,-3,Vocal(Rajasthani),
231,Sahibo,Aabha Hanjura,11B,86,4:45,10,21,43,18,84,0,14,4,-14,Vocal(Nepali),
232,Dua,"Vishnu Sunil, Kasthoori Rawat",8B,137,3:19,14,38,57,56,52,0,8,3,-10,Vocal(Rajasthani),
233,Kesariya Balam,Mame Khan,7B,160,4:11,37,53,41,55,69,0,6,4,-7,Vocal(Rajasthani),
234,Maari Maavadi,"Amit Trivedi, Osman Mir, Aamir Mir",10A,106,4:52,36,65,44,32,67,0,18,7,-6,Vocal(Rajasthani),
235,A Life Worth Living (Kesariyo),"Shashwat Sachdev, Chotu Khan, Salman Khan, Triplicane K. Sekar",10B,144,3:04,24,79,67,73,34,0,13,11,-6,Vocal(Rajasthani),
236,Jag Baurana,"Aabhas - Shreyas, Indie Routes",12B,118,5:52,24,46,57,71,64,0,11,5,-8,Vocal(Rajasthani),
237,Pagdandi,"Nyasa, Gaurav Chati",11B,112,3:11,14,70,78,59,76,0,10,5,-6,Vocal(Rajasthani),
238,Tomar Ghore Bosot Kore,Rishi Panda,12B,113,3:02,44,68,73,78,65,0,19,5,-6,Vocal(Bengali),
239,Kalo Jwole Kuchla Tole,Rishi Panda,11B,105,3:51,43,46,59,39,79,0,6,9,-8,Vocal(Bengali),
240,Lal Paharir Deshe Ja,Bhoomi,7B,89,6:24,19,62,49,56,73,0,12,10,-8,Vocal(Bengali),
241,Phagooner Mohonaye,"Bhoomi, SD",8B,85,4:15,1,63,54,27,41,0,12,7,-9,Vocal(Bengali),
242,Pindare Polaser Bon,"Poushali Banerjee, Dohar",5B,114,3:45,34,52,77,55,63,0,12,5,-5,Vocal(Bengali),
243,Sohag Chand Badoni,Babul Supriyo,5B,118,3:56,31,72,74,82,36,0,6,22,-7,Vocal(Bengali),
244,Khachar Vitar Achin Pakhi Kemne Aase Jai,Kartik Das Baul,12B,154,6:00,30,61,76,86,68,0,7,7,-8,Vocal(Bengali),
245,Raushan - From 'Raushan',Swarathma,2B,147,5:23,14,49,66,9,21,0,3,3,-7,Vocal(Hindi),
246,Bandeh,Indian Ocean,5A,135,7:49,26,43,61,16,33,0,8,5,-8,Vocal(Hindi),
247,Bhopa Bhopi Inst - Live,"Jiyaram, Bhopa Bhopi Artists",10A,165,3:18,0,60,44,79,16,0,33,25,-12,Vocal(Rajasthani),
248,Hazari Sudlo,Chorus (Gujarat),4A,126,3:26,1,91,60,92,40,0,19,12,-5,Vocal(Rajasthani),
249,Om Bhur Bhuva Swaha,"Meditating Spirit, Bhanupratap Rawal",3B,133,3:34,30,11,18,4,93,35,9,4,-14,Vocal(Sanskrit),
250,Vakratunda Mahakay,"Meditating Spirit, Bhanupratap Rawal",8A,74,4:38,29,12,7,4,72,50,11,4,-14,Vocal(Sanskrit),
251,Om Chanting-Reverb Version,"Meditating Spirit, Bhanupratap Rawal",4B,84,2:04,30,12,9,26,84,88,8,4,-23,Vocal(Sanskrit),
252,Om Trayambakam,"Meditating Spirit, Bhanupratap Rawal",5B,164,2:24,28,5,9,9,32,88,11,4,-15,Vocal(Sanskrit),
253,Vakratunda Gajanan,"Meditating Spirit, Bhanupratap Rawal",1B,83,3:14,27,10,13,3,77,38,12,4,-17,Vocal(Sanskrit),
254,Lakshmi Mata – Mahalakshmi Mantra,"Meditating Spirit, Bhanupratap Rawal",5B,116,3:28,27,9,42,4,82,0,11,4,-17,Vocal(Sanskrit),
255,Saraswati Vidya Mantra,"Meditating Spirit, Bhanupratap Rawal",10B,64,3:38,32,6,29,4,88,0,10,4,-13,Vocal(Sanskrit),
256,Shanti Mantra,"Meditating Spirit, Bhanupratap Rawal",3B,76,2:32,27,8,54,4,42,0,11,3,-15,Vocal(Sanskrit),
257,Om Hreeng Greeng Hreeng (Shaktivinyak Mantra),"Meditating Spirit, Bhanupratap Rawal",10B,88,4:20,26,4,9,6,74,23,12,4,-19,Vocal(Sanskrit),
258,Ganesh Mool Mantra,"Meditating Spirit, Bhanupratap Rawal",10B,79,3:12,27,8,16,5,76,0,9,4,-16,Vocal(Sanskrit),
259,Shiv Dhyan Mantra,"Meditating Spirit, Bhanupratap Rawal",2B,124,3:48,26,8,43,4,95,0,10,4,-16,Vocal(Sanskrit),
260,Om - 8 Times (Vishnu Theme),"Meditating Spirit, Bhanupratap Rawal",9B,78,2:09,26,0,18,4,99,64,22,4,-29,Vocal(Sanskrit),
261,Vishnu Mool Mantra (Vishnu Theme),"Meditating Spirit, Bhanupratap Rawal",9B,80,1:57,30,1,26,8,97,95,20,4,-26,Vocal(Sanskrit),
262,Hare Krishna Mantra,"Meditating Spirit, Bhanupratap Rawal",10B,135,3:00,30,13,41,11,92,0,11,4,-19,Vocal(Sanskrit),
263,Mahadeva Manohara,Samhita,12B,90,6:03,20,28,50,17,74,0,9,3,-12,Vocal(Sanskrit),
264,Madhava mamava deva,"Kavya Ajit, Kamala Subramaniam",2B,134,4:01,44,37,38,12,64,0,11,3,-7,Vocal(Sanskrit),
265,Shree Hari Stotram,"G. Gayathri Devi, Saindhavi, PRIYA, R. Shruti",7A,128,4:39,61,45,81,63,20,0,13,6,-10,Vocal(Sanskrit),
266,Vishnu Strotam,Shonali Mishra ,6A,132,4:22,0,48,67,55,51,0,69,4,-12,Vocal(Sanskrit),
267,Mantra Pushpam,Seven,9B,92,4:22,36,42,51,54,80,0,12,6,-9,Vocal(Sanskrit),
268,Medha Suktam,Swami Purnachaitanya,7B,125,4:32,29,6,44,12,80,0,11,4,-19,Vocal(Sanskrit),
269,Bhagyada Lakshmi Baramma,Uthara Unnikrishnan,11A,155,5:55,33,65,53,66,83,0,9,5,-6,Vocal(Kannada),
270,Nagumomu Galavani,"Tyagaraja, Mano",6A,125,4:02,20,86,57,89,91,0,17,5,-4,Vocal(Telugu),
271,Harivarasanam,"Ranjin Raj, Prakash Puthur, Konnakathu Janaki Amma",7A,105,5:46,41,34,54,68,91,0,10,4,-10,Vocal(Malayalam),
272,Neelaravil,"K. J. Yesudas, Minmini",10B,167,5:25,45,39,36,52,71,0,19,5,-9,Vocal(Malayalam),
273,Veera Raja Veera,"Composition Based on a Dagarvani Tradition Dhrupad, Shankar Mahadevan, K. S. Chithra, Harini",12A,136,5:21,55,67,60,48,66,0,10,6,-8,Vocal(Sanskrit),
274,Harivarasanam,"Kavya Ajit, Kamala Subramaniam",8B,117,5:02,34,48,73,55,69,0,6,4,-9,Vocal(Malayalam),
275,Vishwanathashtakam,Seven,2B,108,4:52,24,23,70,25,94,0,39,4,-12,Vocal(Sanskrit),
276,Kanne Thaai Malare,"Shaan Rahman, Vineeth Sreenivasan",11B,129,3:17,33,18,23,13,67,15,13,3,-13,Vocal( Malayalam),
277,Katrinile Varum Geetham,K. J. Yesudas,12B,167,5:42,22,21,63,70,80,0,21,6,-16,Vocal(Tamil),
278,Radha Ramanam Hare Hare,Indresh Upadhyay,8B,130,14:44,58,46,60,37,77,0,12,3,-10,Vocal(Sanskrit),
279,Shree Venkatesha Mangalashasanam,"G. Gayathri Devi, Saindhavi, PRIYA, R. Shruti",11A,93,6:57,42,57,39,37,40,0,10,8,-11,Vocal(Sanskrit),
280,Govardhana giridhara,"Kavya Ajit, Kamala Subramaniam",4A,145,3:44,34,55,47,38,83,0,49,11,-7,Vocal(Sanskrit),
281,Chandra Chooda - Keerthanam,"Purandara Daasaru, Anoop Sankar",7A,90,5:42,30,68,61,59,7,0,9,8,-8,Vocal(Kannada),
282,Alai Payuthey,"Kalyani Menon, Harini, Neyveli Ramalakshmi",11A,82,3:42,35,54,59,46,54,0,16,10,-12,Vocal(Tamil),
283,Harivarasanam,Kalabhavan Mani,11B,129,5:34,28,58,70,71,45,0,12,3,-7,Vocal(Malayalam),
284,Ganesha Panchratnam,"G. Gayathri Devi, Saindhavi, PRIYA, R. Shruti",6B,95,9:00,44,58,46,51,60,0,12,9,-9,Vocal(Sanskrit),
285,Phir Chhidi Raat,Bazm-E-Khas,4A,162,9:57,23,31,29,46,90,6,10,3,-12,Vocal(Urdu),
286,Bihag,The Anirudh Varma Collective,11B,144,5:54,31,52,45,21,58,0,10,3,-9,Vocal(Hindi),
287,Dil-E-Nadaan,Kavita Seth,9B,92,6:22,38,53,37,47,57,0,28,4,-8,Vocal(Urdu),
288,Ae Re Sakhi,Namita Choudhary,10B,146,3:42,47,30,59,29,91,0,9,5,-11,Vocal(Hindi),
289,Ek Nazar,Kavita Seth,8B,100,7:25,30,51,61,39,2,0,10,3,-8,Vocal(Hindi),
290,Mora Saiyyan,Shafqat Amanat Ali,12B,81,1:56,40,30,31,44,88,0,12,3,-9,Vocal(Hindi),
291,Lat Ulajhi,Anjali Gaikwad,6B,140,3:50,20,67,63,25,46,2,14,3,-7,Vocal(Hindi),
292,Naina More,Sniti Mishra,3A,124,4:58,21,49,68,17,34,2,13,3,-11,Vocal(Hindi),
293,Ithlati,Javed Ali,4A,135,6:27,28,70,70,52,79,0,18,9,-7,Vocal(Urdu),
294,Ka Karoon Sajani,Ajoy Chakrabarty,6A,128,7:56,28,32,38,39,76,0,21,4,-16,Vocal(Hindi),
295,Naina More Taras Rahe,Bade Ghulam Ali Khan,6B,79,3:21,11,24,44,73,99,75,12,5,-20,Vocal(Hindi),
296,Boondan Boondan (feat. Ankita Joshi),Maati Baani,12B,118,4:33,35,78,65,55,52,0,8,5,-7,Vocal(Hindi),
297,Sindoori,Maati Baani,10B,144,4:33,29,59,58,34,65,1,29,5,-10,Vocal(Hindi),
298,Jogi,Swastik The Band,7A,80,6:17,44,65,55,35,28,0,7,6,-6,Vocal(Hindi),
299,Baras,Shadow and Light,7A,184,4:58,22,53,47,38,76,9,9,3,-11,Vocal(Telugu),
300,Baawariya (feat. Shankar Tucker),Maati Baani,8A,90,2:56,41,46,61,44,79,14,7,3,-9,Vocal(Hindi),
301,Tilak Kamod,The Anirudh Varma Collective,2B,140,7:36,30,57,50,25,71,0,19,3,-9,Vocal(Hindi),
302,Saathi Suno,Srabasti Acharya,2B,198,2:16,15,44,37,71,41,0,21,17,-11,Vocal(Hindi),
303,Baju Band,Sniti Mishra,4A,150,4:18,25,51,47,41,68,1,25,3,-6,Vocal(Hindi),
304,Naina Morey - Redefined,Umashankar Kathak,8B,76,3:23,27,54,26,50,43,0,6,8,-11,Vocal(Hindi),
305,Krishna Murari,Hrishikesh Datar,4A,136,3:45,25,49,41,35,38,0,12,5,-8,Vocal(Hindi),
306,Mohan Bin Radha,Priyani Vani Panditt,8B,95,3:20,23,62,54,19,71,0,13,4,,Vocal(Hindi),
307,Saawan Ki Ruth,Pragya Dasgupta,11B,124,3:47,18,36,37,33,80,0,11,5,-11,Vocal(Hindi),
308,Sab Ruk Sa Gaya,Trishita Recs,7A,80,3:24,17,35,49,13,91,0,15,3,-12,Vocal(Hindi),
309,Kaahe Ko Sataaye,Aabhas Joshi,4B,77,3:52,18,10,45,38,90,0,39,4,-17,Vocal(Hindi),
310,Rang Na,Pratibha Baghel,10B,118,4:14,21,45,68,29,80,0,11,3,-9,Vocal(Hindi),
311,Aeri Sakhi (An Eternal Poem of Love),Ronkini Gupta,8B,120,3:09,24,44,58,27,92,0,16,5,-11,Vocal(Hindi),
312,Runak Jhunak,Kanika,8B,131,3:11,29,50,47,37,38,0,12,5,-7,Vocal(Hindi),
313,Yaad Piya Ki Aaye,Ankita Joshi,10B,122,4:30,19,49,56,21,22,0,11,3,-10,Vocal(Hindi),
314,Rang Rasiya - Film Version,Shilpa Rao,6A,128,8:55,27,74,48,35,48,0,12,4,-5,Vocal(Hindi),
315,Voh Tere Mere Ishq Ka,Sunidhi Chauhan,9B,92,5:13,46,59,45,57,76,0,19,4,-7,Vocal(Hindi),
316,Na Tum Saamne,Joell,2B,120,3:00,26,27,58,48,97,0,11,3,-12,Vocal(Hindi),
317,Manmohiya,Maati Baani,12A,144,3:53,31,54,58,27,76,6,10,3,-8,Vocal(Hindi),
318,Saawan,Maati Baani,9B,132,3:29,16,50,56,22,86,0,12,3,-8,Vocal(Hindi),
319,Tum,Shadow and Light,4A,96,3:43,26,51,60,40,58,11,15,3,-10,Vocal(Hindi),
320,Garaj Garaj Jugalbandi,Shankar-Ehsaan-Loy,10B,150,5:31,48,78,27,38,5,0,9,5,-5,Vocal(Hindi),
321,Kautilya (The Echo Project),Rishab Rikhiram Sharma,7A,138,3:11,58,76,44,48,5,4,7,9,-6,Instrumental,
322,Junkeri,Bipul Chettri,12B,166,4:04,48,20,44,24,91,0,27,3,-15,Vocal(Nepali),
323,Phool Oonko Sweater,Sujan Chapagain,9B,139,5:02,47,28,36,34,86,0,15,3,-12,Vocal(Nepali),
324,Bistarai,Rohit John Chettri,12B,140,3:49,47,48,62,35,43,0,11,3,-8,Vocal(Nepali),
325,Laijaw Malai,Tribal Rain,12B,130,3:37,46,17,76,54,94,26,11,5,-16,Vocal(Nepali),
326,"Hataarindai, Bataasindai",Sajjan Raj Vaidya,11B,93,5:30,47,29,33,31,86,0,10,3,-10,Vocal(Nepali),
327,Ram Sailee - Ode To My Father,Bipul Chettri,4B,135,3:20,47,22,39,32,95,0,38,3,-16,Vocal(Nepali),
328,Saajha Ma Aunu (Maya ko Chino),Neetesh Jung Kunwar,3B,170,4:13,36,38,53,71,71,0,17,3,-10,Vocal(Nepali),
329,Aashish,Bipul Chettri,9B,140,5:28,48,41,34,45,79,2,9,3,-11,Vocal(Nepali),
330,Chitthi Bhitra,Sajjan Raj Vaidya,1B,164,5:03,54,24,54,55,87,5,11,4,-16,Vocal(Nepali),
331,Katai Uslai,Bipul Chettri,12B,121,4:47,33,41,36,21,87,0,10,3,-10,Vocal(Nepali),
332,Siriri,Bipul Chettri,4B,130,4:33,40,48,49,27,64,13,11,3,-11,Vocal(Nepali),
333,The Woolen Sweater [Oon ko Sweater],Sujan Chapagain,9B,140,2:27,47,22,30,13,74,1,17,3,-16,Vocal(Nepali),
334,Teenpatey,ArtMandu,4B,60,1:00,18,29,46,71,94,0,10,4,-6,Vocal(Nepali),
335,Lukaamaari,Sajjan Raj Vaidya,3B,89,5:01,43,24,34,31,56,0,19,3,-13,Vocal(Nepali),
336,Samaya,Bipul Chettri,9B,131,3:48,30,23,65,14,93,55,7,3,-13,Vocal(Nepali),
337,Nau Lakhey Tara,Bipul Chettri,5B,98,5:13,37,25,56,19,87,0,12,3,-16,Vocal(Nepali),
338,Behos,Sushant KC,2B,72,3:39,46,27,42,34,83,0,13,4,-14,Vocal(Nepali),
339,Deorali Darah,Bipul Chettri,9B,95,3:22,43,53,56,50,65,14,19,3,-14,Vocal(Nepali),
340,Sathi,Sushant KC,1B,174,3:41,54,30,44,40,86,0,10,4,-13,Vocal(Nepali),
341,Wildfire (Dadhelo),Bipul Chettri,1B,130,3:31,40,51,60,35,78,14,12,3,-14,Vocal(Nepali),
342,Preminche Premava,Shreya Ghoshal,3B,141,5:54,59,74,67,57,36,0,18,4,-8,Vocal(Telugu),
343,Yeto Vellipoyindi,Rajesh Krishnan,8B,98,4:37,55,56,66,55,56,0,10,10,-13,Vocal(Telugu),
344,Kannullo Nee Roopame,Hariharan,2B,90,5:21,58,37,65,56,69,0,12,5,-12,Vocal(Telugu),
345,Prema Prema,A.R.Rehman ,11A,93,5:40,59,58,66,37,4,0,31,8,-10,Vocal(Telugu),
346,Aakasa Ganga,Karthik ,7B,130,5:06,49,45,54,28,66,0,15,3,-10,Vocal(Telugu),
347,Nee Sneham,R. P. Patnaik,6B,100,2:58,53,41,56,44,47,0,13,2,-10,Vocal(Telugu),
348,Thalachithalachi(Female),Shreya Ghoshal,10B,132,4:36,49,35,69,33,62,0,37,4,-9,Vocal(Telugu),
349,Feel My Love,KK,6A,100,4:59,64,70,75,54,1,0,17,4,-8,Vocal(Telugu),
350,Kariga Loga - D-Plugged,Devi shri prasad,5A,92,2:55,51,47,62,36,35,0,16,5,-8,Vocal(Telugu),
351,Mellaga,S.P. Charan,3B,80,5:20,66,83,78,64,15,0,27,13,-8,Vocal(Telugu),
352,Gundello Emundho,Venu Srirangam,12A,94,4:20,62,59,80,84,23,0,33,10,-12,Vocal(Telugu),
353,Edhuta Nilichindhi,Karthik,10A,120,4:47,56,57,67,44,24,0,60,3,-9,Vocal(Telugu),
354,Oka Maaru,Karthik,5A,112,5:52,59,68,79,86,16,0,26,3,-7,Vocal(Telugu),
355,Attu Nuvve,Neha Bhasin,7A,164,5:02,62,66,66,58,60,0,9,9,-5,Vocal(Telugu),
356,Naalo Nenena,Mani Shrama,10B,184,5:51,49,55,33,23,62,0,18,3,-7,Vocal(Telugu),
357,Yedhi Yedhi,Ilaiyaraaja,10A,100,6:07,46,36,43,29,79,1,20,3,-10,Vocal(Telugu),
358,Naalo Nenena,Mani Shrama,10B,184,5:51,49,55,33,23,62,0,18,3,-7,Vocal(Telugu),
359,Nidhare Kala,Harris Jayaraj,9A,116,5:22,51,49,75,57,80,0,24,3,-8,Vocal(Telugu),
360,Adiga Adiga,Sid Sriram,6B,130,3:29,40,24,55,14,90,0,10,3,-13,Vocal(Telugu),
361,Gundelothulalo,Dhee,4A,107,3:09,38,24,64,8,95,0,14,3,-8,Vocal(Telugu),
362,Cheliya Cheliya,Shaan,3A,103,4:14,56,79,86,42,8,0,7,16,-8,Vocal(Telugu),
363,Vennela,A.R. Rahman,10B,100,6:33,40,17,51,8,84,0,11,3,-15,Vocal(Telugu),
364,Neeru Neeru,Shankar Mahadevan,10B,135,3:37,24,48,46,19,71,0,11,3,-6,Vocal(Telugu),
365,Srilu Pongina,Mickey J. Meyer,7B,110,3:18,32,30,55,17,93,1,13,3,-16,Vocal(Telugu),
366,A Love for Life,G. V. Prakash,6B,144,3:13,49,19,46,21,78,73,10,3,-14,Vocal(Telugu),
367,You Are My Sunshine,Nursery Rhymes 123,8B,100,2:16,64,17,50,38,95,0,12,3,-15,Vocal(English),
368,Rock A Bye Baby,Nursery Rhymes 123,7B,90,1:24,65,8,63,30,99,0,8,3,-18,Vocal(English),
369,Girls And Boys Come Out To Play,Nursery Rhymes 123,8B,110,1:52,55,15,76,13,99,0,11,4,-19,Vocal(English),
370,Beautiful Dreamer,Nursery Rhymes 123,4B,115,3:15,56,5,45,37,99,0,11,4,-20,Vocal(English),
371,Row Row Row Your Boat,Nursery Rhymes 123,6B,120,2:10,56,14,51,20,93,0,11,3,-18,Vocal(English),
372,Lavender's Blue,Nursery Rhymes 123,10B,105,2:04,62,23,67,36,94,0,10,3,-14,Vocal(English),
373,Hush Little Baby,Nursery Rhymes 123,7B,126,2:33,66,14,39,28,94,0,11,4,-14,Vocal(English),
374,Sleep Tight,Nursery Rhymes 123,8B,166,3:38,59,10,26,15,88,0,11,4,-18,Vocal(English),
375,Are You Sleeping? / Frere Jacques,Nursery Rhymes 123,6B,69,2:03,57,5,27,40,97,0,14,4,-17,Vocal(English),
376,Brahms' Lullaby (Cradle Song),Nursery Rhymes 123,6B,129,2:25,48,8,34,18,98,0,11,3,-17,Vocal(English),
377,Somewhere over the rainbow,Nursery Rhymes 123,11B,112,2:55,53,16,24,19,89,2,8,4,-16,Vocal(English),
378,Little Bo Peep,Nursery Rhymes 123,8B,100,1:37,42,24,81,44,88,0,12,3,-12,Vocal(English),
379,Hush My Darling,Nursery Rhymes 123,7B,135,2:51,52,19,53,35,95,4,11,3,-16,Vocal(English),
380,Wild Mountain Thyme,Nursery Rhymes 123,10B,95,2:42,45,9,40,29,96,0,13,3,-15,Vocal(English),
381,Danny Boy,Nursery Rhymes 123,11B,98,2:45,41,18,36,31,91,0,16,3,-15,Vocal(English),
382,Skye Boat Song,Nursery Rhymes 123,3B,105,2:27,46,9,49,28,95,0,11,4,-17,Vocal(English),
383,Too-Ra-Loo-Ra-Loo-Ral (Irish Lullaby),Nursery Rhymes 123,6B,36,2:39,42,27,10,14,96,43,10,4,-15,Vocal(English),
384,German Cradle Song,Nursery Rhymes 123,10B,105,1:44,47,4,50,39,98,0,11,3,-17,Vocal(English),
385,Golden Slumbers,Nursery Rhymes 123,12B,100,1:23,41,5,35,16,99,0,13,5,-19,Vocal(English),
386,Sri Chakradhari,K. S. Chithra,8A,98,4:45,11,38,68,47,71,0,11,3,-11,Vocal(Kannada),
387,Aa Devaru Kattida Gudiyalli,"K. S. Chithra, Hamsalekha",5A,93,4:39,20,35,66,40,75,0,8,3,-11,Vocal(Kannada),
388,Tusu Mella Beeso-Female Vocals,"K. S. Chithra, Hamsalekha",7B,184,4:52,37,39,49,42,52,27,20,3,-15,Vocal(Kannada),
389,Amma Amma,"M. M. Keeravaani, K. S. Chithra",4A,79,4:08,9,33,40,69,67,0,13,4,-13,Vocal(Kannada),
390,Chandana Kampa Laali - Female Vocals,K. S. Chithra,4A,169,5:19,29,49,43,62,23,0,14,6,-11,Vocal(Kannada),
391,Manase O Manase,"Badri Prasad, K. S. Chithra",4A,101,5:08,39,64,46,77,58,0,24,6,-6,Vocal(Kannada),
392,Sneha Deepavali,"L.N. Shastri, Hemanth, K. S. Chithra",5A,93,4:58,0,54,74,67,61,0,11,4,-8,Vocal(Kannada),
393,Atthittha Nodadhiru,Apoorva Sridhar,8A,142,6:28,27,42,70,70,70,0,7,3,-6,Vocal(Kannada),
394,Mugulu Nage,"V. Harikrishna, Yogaraj Bhat, Sonu Nigam",10B,112,4:17,45,43,56,14,86,0,12,3,-9,Vocal(Kannada),
395,Bisilu Kudureyondu,"Rajesh Krishnan, Yogaraj Bhat",10A,69,3:23,56,43,66,62,13,0,12,6,-10,Vocal(Kannada),
396,Sadha Ninna Kannali,"V. Harikrishna, Shreya Ghoshal, Jayanth Kaikini, Sonu Nigam",1B,121,4:38,49,57,74,67,59,0,15,5,-7,Vocal(Kannada),
397,Ninna Danigaagi (Version 1),"Karthik, Yazin Nizar, Hamsika Iyer",5A,144,4:13,54,42,62,42,67,0,19,4,-7,Vocal(Kannada),
398,Kanna Haniyondu,"Raghu Dixit, Raghavendra V Kamath",3B,140,5:29,51,21,36,27,86,0,28,3,-13,Vocal(Kannada),
399,"Baanali Badalgo (From ""Simple Aag Ond Love Story"" )",Sonu Nigam,8A,125,4:58,25,84,74,39,3,0,19,3,-5,Vocal(Kannada),
400,Roopasi,"V. Harikrishna, Jayanth Kaikini, Sonu Nigam",4B,111,4:16,44,52,63,38,84,0,36,3,-8,Vocal(Kannada),
401,Kaagadada Doniyalli,Vasuki Vaibhav,4A,121,3:28,29,68,68,51,34,0,12,3,-5,Vocal(Kannada),
402,"Ninadene Januma (From ""Love Mocktail 2"")",Nakul Abhyankar,8B,137,4:46,53,36,27,29,65,0,16,3,-9,Vocal(Kannada),
403,Mungaru Maleye,Sonu Nigam,9B,130,4:50,59,51,54,32,61,0,29,3,-8,Vocal(Kannada),
404,Maley Maley,"Raghu Dixit, Vasuki Vaibhav",8B,122,4:51,7,28,60,19,72,0,9,3,-11,Vocal(Kannada),
405,Gamanisu,"Sonu Nigam, Jayanth Kaikini",12B,120,4:47,50,40,36,25,74,0,10,3,-7,Vocal(Kannada),
406,Paravashanadenu,Sonu Nigam,12A,84,3:56,61,30,64,40,72,0,13,4,-14,Vocal(Kannada),
407,Jo Jo Laali,Akansha Badami,9A,115,1:11,10,49,34,47,35,0,24,3,-5,Vocal(Kannada),
408,Chawl Raastaye,Shreya Ghoshal,12B,153,4:18,46,29,43,40,94,0,11,4,-9,Vocal(Bengali),
409,Benche Thakar Gaan,"Rupam Islam, Anupam Roy",11B,116,4:13,52,76,73,87,44,0,10,3,-6,Vocal(Bengali),
410,Amar Mawte(Male),"Rupankar, Anupam Roy",8B,105,3:45,37,41,75,54,84,0,14,3,-11,Vocal(Bengali),
411,Ei To Ami Chai,"Shreya Ghoshal, Anupam Roy",10B,110,4:31,38,45,61,26,75,0,10,3,-8,Vocal(Bengali),
412,Ekhon Onek Raat,Anupam Roy,11B,97,3:46,54,56,73,62,71,0,10,6,-10,Vocal(Bengali),
413,Amar Mawte(Female),"Anupam Roy, Lopamudra Mitra",6B,105,5:30,42,34,74,68,80,0,10,3,-10,Vocal(Bengali),
414,Sudhu Tomari Jonyo,"Arijit Singh, Shreya Ghoshal",10B,144,3:29,50,60,46,47,34,0,5,3,-5,Vocal(Bengali),
415,Jeno Tomari Kache,"Ash King, Somlata",1B,104,4:37,49,72,56,52,11,0,12,3,-7,Vocal(Bengali),
416,Egiye De,"Arijit Singh, Madhubanti Bagchi",10B,90,4:13,55,58,49,35,36,0,13,3,-7,Vocal(Bengali),
417,Jani Na,"Nachiketa Chakraborty, Jeet Gannguli",11B,108,5:19,49,51,57,27,72,0,6,3,-9,Vocal(Bengali),
418,Majhe Majhe Tobo,Arindom,12A,130,4:22,53,49,52,25,69,0,9,3,-8,Vocal(Bengali),
419,Abar Phire Ele,Arijit Singh,11B,156,5:08,51,53,45,17,61,0,41,4,-8,Vocal(Bengali),
420,Majhe Majhe Tobo Dekha Pai,Borno Chakroborty,10A,69,5:53,41,36,61,58,81,0,17,3,-10,Vocal(Bengali),
421,Boba Tunnel,Anupam Roy,11B,132,4:08,54,54,60,40,28,0,13,3,-8,Vocal(Bengali),
422,Je Kawta Din (Reprise),"Anupam Row, Iman Chakraborty",9B,106,5:26,44,19,49,26,94,0,10,3,-11,Vocal(Bengali),
423,Preme Pora Baron,Lagnajita Chakraborty,1B,112,3:56,48,32,59,40,77,0,13,3,-6,Vocal(Bengali),
424,Tomake Chai Title Track,Arijit Singh,9B,140,4:52,49,75,53,39,60,0,13,4,-5,Vocal(Bengali),
425,Kichhu Kichhu Kotha,Arijit Singh,10B,116,4:32,49,47,61,44,89,0,10,3,-7,Vocal(Bengali),
426,Bolo Na Radhika,Monali Thakur,11B,90,4:32,46,40,58,51,87,0,10,3,-8,Vocal(Bengali),
427,Asatoma Sadgamaya,Arijit Singh,8B,129,5:16,46,46,29,45,78,0,22,3,-9,Vocal(Bengali),
428,Phagun Haway Haway,Arnob,10B,132,3:02,39,20,63,43,83,0,16,4,-12,Vocal(Bengali),
429,Tomake Male,Arko,3B,120,2:56,37,20,73,55,85,0,13,4,-10,Vocal(Bengali),
430,,,,,,,,,,,,,,,,
